<assembly xmlns="http://maven.apache.org/plugins/maven-assembly-plugin/assembly/1.1.2"
          xmlns:xsi="http://www.w3.org/2001/XMLSchema-instance"
          xsi:schemaLocation="http://maven.apache.org/plugins/maven-assembly-plugin/assembly/1.1.2 http://maven.apache.org/xsd/assembly-1.1.2.xsd">
  <id>src</id>
  <formats>
    <format>tar.gz</format>
  </formats>
  <files>
    <file>
      <source>AndroidManifest.xml</source>
      <outputDirectory>/</outputDirectory>
    </file>
    <file>
      <source>pom.xml</source>
      <outputDirectory>/</outputDirectory>
    </file>
    <file>
      <source>README.md</source>
      <outputDirectory>/</outputDirectory>
    </file>
    <file>
      <source>README_ADT.txt</source>
      <outputDirectory>/</outputDirectory>
    </file>
  </files>
  <fileSets>
    <fileSet>
      <directory>libs</directory>
      <outputDirectory>/libs</outputDirectory>
    </fileSet>
    <fileSet>
      <directory>res</directory>
      <outputDirectory>/res</outputDirectory>
    </fileSet>
    <fileSet>
      <directory>src</directory>
      <outputDirectory>/src</outputDirectory>
    </fileSet>
  </fileSets>
</assembly>
